course_url,category,type,title,duration,learners_amount,star_rating,star_num_ratings,description,tags
https://skills.yourlearning.ibm.com/activity/SN-COURSE-V1:FIRESIDEANALYTICSINC+DS0301EN+V1,data_privacy,eLearning,Data Privacy Fundamentals,3 hrs,54 learners have completed this activity in the past 12 months.,,,"<h2 class=""FullPageDescription_title__WsNdH""><span dir=""ltr"" lang=""en"" translate=""yes"">About this learning activity</span></h2><div dir=""ltr"" lang=""en"" translate=""yes""><p>Learn about the fundamentals of Data Privacy.</p></div>","['Learning Domain', 'Technical skills - Data']"
https://skills.yourlearning.ibm.com/activity/ISG-SLA6127,data_privacy,eLearning,IBM Security Guardium Foundations badge,8 hrs,26 learners have completed this activity in the past 12 months.,Average rating of 5 stars by 2 learners in the past 12 months.,2,"<h2 class=""FullPageDescription_title__WsNdH""><span dir=""ltr"" lang=""en"" translate=""yes"">About this learning activity</span></h2><div dir=""ltr"" lang=""en"" translate=""yes"">IBM Guardium FoundationsIBM Security Guardium is a comprehensive data security platform that can help you support compliance initiatives, privacy initiatives, big data security projects, and comprehensive data protection. This course introduces you to Guardium. The following objectives are included in this course:Use the Guardium user interfaceDescribe user access roles in GuardiumCreate and populate Guardium groupsMonitor system and manage data with GuardiumConfigure Guardium policies Use Guardium to perform data security tasks Create and clone a Guardium reportIBM Guardium FoundationsIBM Security Guardium is a comprehensive data security platform that can help you support compliance initiatives, privacy initiatives, big data security projects
<p>This course requires you register for an IBMid to access.</p></div>",[]
https://skills.yourlearning.ibm.com/activity/ISG-SLA8G930,data_privacy,eLearning,Guardium Data Protection: Getting Started,2 hrs,3 learners have completed this activity in the past 12 months.,,,"<h2 class=""FullPageDescription_title__WsNdH""><span dir=""ltr"" lang=""en"" translate=""yes"">About this learning activity</span></h2><div dir=""ltr"" lang=""en"" translate=""yes""><p>Data security and privacy challenges are never-ending. IBM Guardium® Data Protection (Guardium) provides a broad range of data security and protection capabilities that can protect sensitive and regulated data across environments and platforms. Guardium is built on a scalable architecture, that provides visibility into the data activity across on-premises environments, in private and public clouds, and in containers. The web-based Guardium user interface offers intuitive navigation and the command line interface (CLI) to perform basic system functions. This course prepares you to administer Guardium, discover unusual activity around sensitive data, and monitor and protect sensitive data.</p>This course prepares you to administer Guardium Data Protection, discover unusual activity around sensitive data, and monitor and protect sensitive data.
<p>This course requires you register for an IBMid to access.</p></div>",[]
https://skills.yourlearning.ibm.com/activity/ISG-W7129G,data_privacy,eLearning,Accomplishing AI Privacy and Compliance with IBM Privacy Toolkits,4 hrs,34 learners have completed this activity in the past 12 months.,Average rating of 5 stars by 1 learner in the past 12 months.,1,"<h2 class=""FullPageDescription_title__WsNdH""><span dir=""ltr"" lang=""en"" translate=""yes"">About this learning activity</span></h2><div dir=""ltr"" lang=""en"" translate=""yes""><p>This course will give you an overview on the concept of AI privacy, which helps in building trust in AI, and explains how open source tools from IBM can help both assess the privacy risk of AI-based solutions, and help them adhere to any relevant privacy requirements.  Learners will start off with an overview of the AI Privacy concept, and then do a deep dive into three IBM open source tool kits: AI Privacy Toolkit, Differential Privacy Library and Adversarial Robustness Toolbox which help assess and create machine learning models that preserve the privacy of their training data and comply with relevant data protection regulations.</p>
<p> </p>
<p><i><strong>This course has been developed in collaboration with the iToBoS project (</strong></i><a href=""https://itobos.eu/"" rel=""noopener noreferrer nofollow"" target=""_blank""><i><strong>https://itobos.eu/</strong></i></a><i><strong>)</strong></i></p>This course will give you an overview on the concept of AI privacy, which helps in building trust in AI.
<p>This course requires you register for an IBMid to access.</p></div>","['Learning Domain', 'Technical skills - Artificial Intelligence', 'Learning Domain Primary', 'Artificial intelligence', 'Lightcast Skills Taxonomy', 'Artificial Intelligence Skill', 'Machine Learning Skill']"
https://skills.yourlearning.ibm.com/activity/URL-5688B3E29193,data_privacy,eLearning,HTML & CSS: Creating Forms,2 hrs 30 mins,120 learners have completed this activity in the past 12 months.,Average rating of 4.5 stars by 6 learners in the past 12 months.,6,"<h2 class=""FullPageDescription_title__WsNdH""><span dir=""ltr"" lang=""en"" translate=""yes"">About this learning activity</span></h2><div dir=""ltr"" lang=""en"" translate=""yes""><p>Forms are a major component of modern websites, used to collect user data, conduct polls, and more. While you can use a form builder, they're relatively simple to build from scratch with basic web technologies: HTML and CSS. In this course, Clarissa Peterson demonstrates best practices for creating and styling web forms that are easy to complete and accessible to all users and devices. Learn proper use of form fields, including the new HTML5 input types, and discover how to add interactivity such as form validation, style forms with CSS, create responsive layouts, add interactivity such as form validation, and design forms for usability <em>and</em> accessibility.<br/>Learning Objectives:</p><ul><li>How users interact with forms</li><li>Designing forms that are easy to use</li><li>Following data privacy laws when collecting information</li><li>Choosing which HTML input types to use</li><li>Adding buttons</li><li>Adding interactive validation</li><li>Styling form fields with CSS</li><li>Using positioning and flexbox to create responsive form layouts</li></ul><p>Instructor<br/><a href=""https://www.linkedin.com/learning/instructors/clarissa-peterson-2"" rel=""noopener noreferrer nofollow"" target=""_blank"">Clarissa Peterson </a><br/><a href=""https://www.linkedin.com/learning/instructors/clarissa-peterson-2"" rel=""noopener noreferrer nofollow"" target=""_blank"">Developer, Author, and Speaker, specializing in UX and design strategy </a></p></div>","['Learning Domain', 'Technical skills - Web Development', 'Lightcast Skills Taxonomy', 'HyperText Markup Language (HTML) Skill', 'Cascading Style Sheets (CSS) Skill', 'HTML5 Skill', 'Usability Skill', 'User Experience (UX) Skill']"
https://skills.yourlearning.ibm.com/activity/MDL-220,data_privacy,eLearning,AI Ethics,1 hr 45 mins,114654 learners have completed this activity in the past 12 months.,Average rating of 4 stars by 976 learners in the past 12 months.,976,"<h2 class=""FullPageDescription_title__WsNdH""><span dir=""ltr"" lang=""en"" translate=""yes"">About this learning activity</span></h2><div dir=""ltr"" lang=""en"" translate=""yes"">You might have heard about problems that arise when AI systems misinterpret data or propose solutions that reflect human prejudice. In this course, you’ll learn about the five pillars of AI ethics: fairness, robustness, explainability, transparency, and privacy. Through real-world examples you’ll learn about AI ethics, how they are implemented, and why AI ethics are so important in building trustworthy AI systems.<br/><br/><br/><strong>What you’ll learn</strong><br/>After completing this course, you should be able to:<br/> <ul><li>Identify the five pillars of AI ethics</li><li>Describe fairness in AI</li><li>Describe protected attributes</li><li>Identify privileged groups and unprivileged groups</li><li>Explain AI bias</li><li>Identify robustness</li><li>Describe adversarial robustness within AI</li><li>Explain how an adversary can influence an AI system</li><li>Identify adversarial attacks</li><li>Describe explainability</li><li>Compare interpretability and explainability</li><li>Define transparency</li><li>Describe governance</li><li>Identify the business roles and the aspects of transparency they are involved in</li><li>Identify personal information</li><li>Identify sensitive personal information</li><li>Recognize model anonymization</li><li>Describe differential privacy</li><li>Explain data minimization</li></ul><br/><strong>Czech learners can complete the learning here:</strong> <a href=""https://ole03.yourlearning.ibm.com/mod/scorm/player.php?a=1018&amp;currentorg=articulate_rise&amp;scoid=3565&amp;sesskey=Xbq2rj0qOp&amp;display=popup&amp;mode=normal"" rel=""noopener noreferrer nofollow"" target=""_blank"">Etické normy umělé inteligence</a><br/><br/><strong>Traditional Chinese learners can complete the learning here: </strong><a href=""https://ole03.yourlearning.ibm.com/mod/scorm/player.php?a=994&amp;currentorg=articulate_rise&amp;scoid=3517&amp;sesskey=87xemTiuMx&amp;display=popup&amp;mode=normal"" rel=""noopener noreferrer nofollow"" target=""_blank"">AI 倫理</a></div>","['Badge Learning', 'Artificial Intelligence Fundamentals', 'Initiatives', 'AI2026', 'SDI Explore', 'SDI', 'Learning Domain', 'Technical skills - Artificial Intelligence', 'Learning Domain Primary', 'Artificial intelligence', 'Lightcast Skills Taxonomy', 'Artificial Intelligence Skill', 'Governance Skill']"
